GeneID,Family
TuG1812G0100000095,MYB
TuG1812G0100000222,C3H
TuG1812G0100000270,C2H2
TuG1812G0100000304,MYB
TuG1812G0100000433,FAR1
TuG1812G0100000460,HB-other
TuG1812G0100000493,C2C2-Dof
TuG1812G0100000496,HB-other
TuG1812G0100000518,HB-other
TuG1812G0100000519,HB-other
TuG1812G0100000520,HB-other
TuG1812G0100000540,B3
TuG1812G0100000572,C2H2
TuG1812G0100000573,C2H2
TuG1812G0100000574,C2H2
TuG1812G0100000579,B3
TuG1812G0100000583,B3
TuG1812G0100000585,MYB
TuG1812G0100000607,MADS-MIKC
TuG1812G0100000608,MADS-MIKC
TuG1812G0100000711,C2H2
TuG1812G0100000738,AP2/ERF-AP2
TuG1812G0100000747,FAR1
TuG1812G0100000749,FAR1
TuG1812G0100000755,DBP
TuG1812G0100000763,C2H2
TuG1812G0100000785,LOB
TuG1812G0100000865,FAR1
TuG1812G0100000869,PLATZ
TuG1812G0100000870,MYB-related
TuG1812G0100000876,Trihelix
TuG1812G0100000892,MADS-M-type
TuG1812G0100000903,bZIP
TuG1812G0100000904,HB-KNOX
TuG1812G0100000905,HB-KNOX
TuG1812G0100000935,MYB
TuG1812G0100000950,DBP
TuG1812G0100000955,DBP
TuG1812G0100000965,bHLH
TuG1812G0100001008,bZIP
TuG1812G0100001009,zf-HD
TuG1812G0100001039,FAR1
TuG1812G0100001057,C3H
TuG1812G0100001190,bZIP
TuG1812G0100001204,bHLH
TuG1812G0100001206,bHLH
TuG1812G0100001237,bHLH
TuG1812G0100001241,Alfin-like
TuG1812G0100001243,MYB-related
TuG1812G0100001262,LOB
TuG1812G0100001271,C2C2-GATA
TuG1812G0100001275,MYB
TuG1812G0100001345,MADS-MIKC
TuG1812G0100001437,C3H
TuG1812G0100001456,FAR1
TuG1812G0100001491,FAR1
TuG1812G0100001511,HB-other
TuG1812G0100001538,MYB
TuG1812G0100001578,E2F-DP
TuG1812G0100001594,MYB-related
TuG1812G0100001836,MYB
TuG1812G0100001853,B3-ARF
TuG1812G0100001858,HB-HD-ZIP
TuG1812G0100001944,FAR1
TuG1812G0100001967,C2C2-GATA
TuG1812G0100002005,bZIP
TuG1812G0100002022,C2H2
TuG1812G0100002100,C2C2-YABBY
TuG1812G0100002104,Trihelix
TuG1812G0100002196,AP2/ERF-ERF
TuG1812G0100002227,HB-BELL
TuG1812G0100002252,bZIP
TuG1812G0100002272,NAC
TuG1812G0100002321,PLATZ
TuG1812G0100002330,HB-HD-ZIP
TuG1812G0100002331,HB-HD-ZIP
TuG1812G0100002358,WRKY
TuG1812G0100002396,B3
TuG1812G0100002403,MYB
TuG1812G0100002457,GARP-G2-like
TuG1812G0100002483,GRAS
TuG1812G0100002504,bHLH
TuG1812G0100002532,STAT
TuG1812G0100002556,FAR1
TuG1812G0100002557,Trihelix
TuG1812G0100002577,AP2/ERF-ERF
TuG1812G0100002586,MYB-related
TuG1812G0100002588,MYB-related
TuG1812G0100002595,AP2/ERF-ERF
TuG1812G0100002605,C2C2-GATA
TuG1812G0100002608,AP2/ERF-ERF
TuG1812G0100002612,LOB
TuG1812G0100002624,AP2/ERF-ERF
TuG1812G0100002698,AP2/ERF-ERF
TuG1812G0100002699,WRKY
TuG1812G0100002830,AP2/ERF-ERF
TuG1812G0100002845,AP2/ERF-ERF
TuG1812G0100002957,SBP
TuG1812G0100002982,MYB
TuG1812G0100002985,GARP-G2-like
TuG1812G0100002991,bZIP
TuG1812G0100003006,LOB
TuG1812G0100003022,NAC
TuG1812G0100003033,Alfin-like
TuG1812G0100003035,MADS-MIKC
TuG1812G0100003043,NAC
TuG1812G0100003063,NAC
TuG1812G0100003106,MYB
TuG1812G0100003137,OFP
TuG1812G0100003140,MYB-related
TuG1812G0100003142,C2C2-Dof
TuG1812G0100003152,bZIP
TuG1812G0100003155,TUB
TuG1812G0100003157,NAC
TuG1812G0100003163,bZIP
TuG1812G0100003164,C2H2
TuG1812G0100003190,MYB
TuG1812G0100003216,HB-BELL
TuG1812G0100003218,bHLH
TuG1812G0100003254,MYB
TuG1812G0100003293,NF-YB
TuG1812G0100003310,bHLH
TuG1812G0100003384,WRKY
TuG1812G0100003402,OFP
TuG1812G0100003405,WRKY
TuG1812G0100003406,WRKY
TuG1812G0100003421,B3
TuG1812G0100003446,bZIP
TuG1812G0100003467,MYB
TuG1812G0100003475,WRKY
TuG1812G0100003507,NF-YC
TuG1812G0100003525,C2H2
TuG1812G0100003533,MYB-related
TuG1812G0100003603,C2H2
TuG1812G0100003625,GRAS
TuG1812G0100003682,CPP
TuG1812G0100003692,FAR1
TuG1812G0100003694,FAR1
TuG1812G0100003705,FAR1
TuG1812G0100003715,bZIP
TuG1812G0100003750,TCP
TuG1812G0100003761,TUB
TuG1812G0100003770,HB-PHD
TuG1812G0100003796,B3-ARF
TuG1812G0100003801,VOZ
TuG1812G0100003808,GARP-G2-like
TuG1812G0100003835,C2C2-GATA
TuG1812G0100003846,FAR1
TuG1812G0100003866,C3H
TuG1812G0100003911,WRKY
TuG1812G0100003925,FAR1
TuG1812G0100003974,NF-YC
TuG1812G0100003991,MYB-related
TuG1812G0100003992,AP2/ERF-ERF
TuG1812G0100003995,WRKY
TuG1812G0100004060,MYB
TuG1812G0100004062,MYB
TuG1812G0100004063,MYB
TuG1812G0100004064,MYB
TuG1812G0100004085,bHLH
TuG1812G0100004102,HSF
TuG1812G0100004105,AP2/ERF-RAV
TuG1812G0100004106,AP2/ERF-RAV
TuG1812G0100004108,AP2/ERF-RAV
TuG1812G0100004116,MYB
TuG1812G0100004120,HB-HD-ZIP
TuG1812G0100004184,MYB
TuG1812G0100004241,C2H2
TuG1812G0100004267,OFP
TuG1812G0100004332,HB-other
TuG1812G0100004348,B3-ARF
TuG1812G0100004366,HB-WOX
TuG1812G0100004371,B3
TuG1812G0100004385,WRKY
TuG1812G0100004417,WRKY
TuG1812G0100004420,MYB-related
TuG1812G0100004421,MYB-related
TuG1812G0100004422,MYB-related
TuG1812G0100004424,MYB-related
TuG1812G0100004474,bZIP
TuG1812G0100004483,WRKY
TuG1812G0100004488,NF-YB
TuG1812G0100004504,GARP-G2-like
TuG1812G0100004505,GARP-G2-like
TuG1812G0100004552,MYB-related
TuG1812G0100004554,MYB-related
TuG1812G0100004556,C2C2-GATA
TuG1812G0100004612,MYB
TuG1812G0100004619,GRAS
TuG1812G0100004644,WRKY
TuG1812G0100004645,WRKY
TuG1812G0100004646,WRKY
TuG1812G0100004647,WRKY
TuG1812G0100004653,WRKY
TuG1812G0100004790,Trihelix
TuG1812G0100004814,B3
TuG1812G0200000041,C2H2
TuG1812G0200000112,WRKY
TuG1812G0200000139,C3H
TuG1812G0200000157,AP2/ERF-ERF
TuG1812G0200000291,WRKY
TuG1812G0200000374,FAR1
TuG1812G0200000439,AP2/ERF-ERF
TuG1812G0200000457,C3H
TuG1812G0200000475,TCP
TuG1812G0200000513,WRKY
TuG1812G0200000514,WRKY
TuG1812G0200000635,NAC
TuG1812G0200000636,NAC
TuG1812G0200000637,NAC
TuG1812G0200000709,MYB
TuG1812G0200000831,MYB-related
TuG1812G0200000854,GRAS
TuG1812G0200000907,C2H2
TuG1812G0200000965,GRAS
TuG1812G0200000970,MYB
TuG1812G0200001003,bZIP
TuG1812G0200001008,EIL
TuG1812G0200001013,HB-WOX
TuG1812G0200001014,C2C2-Dof
TuG1812G0200001021,NAC
TuG1812G0200001022,NAC
TuG1812G0200001023,NAC
TuG1812G0200001024,NAC
TuG1812G0200001025,NAC
TuG1812G0200001028,NAC
TuG1812G0200001035,NAC
TuG1812G0200001036,NAC
TuG1812G0200001037,NAC
TuG1812G0200001051,GARP-G2-like
TuG1812G0200001066,WRKY
TuG1812G0200001067,WRKY
TuG1812G0200001068,FAR1
TuG1812G0200001077,B3
TuG1812G0200001078,bZIP
TuG1812G0200001107,AP2/ERF-ERF
TuG1812G0200001190,GARP-G2-like
TuG1812G0200001197,AP2/ERF-ERF
TuG1812G0200001205,C3H
TuG1812G0200001206,C3H
TuG1812G0200001231,TUB
TuG1812G0200001254,CPP
TuG1812G0200001301,HB-other
TuG1812G0200001319,DDT
TuG1812G0200001468,bZIP
TuG1812G0200001498,B3
TuG1812G0200001503,CSD
TuG1812G0200001591,HSF
TuG1812G0200001597,B3
TuG1812G0200001604,GeBP
TuG1812G0200001619,MYB
TuG1812G0200001621,MYB-related
TuG1812G0200001622,B3
TuG1812G0200001655,MYB
TuG1812G0200001669,MYB
TuG1812G0200001670,MYB
TuG1812G0200001696,WRKY
TuG1812G0200001704,FAR1
TuG1812G0200001724,CAMTA
TuG1812G0200001827,FAR1
TuG1812G0200001832,Tify
TuG1812G0200001859,Alfin-like
TuG1812G0200001861,NF-YA
TuG1812G0200001876,NF-YB
TuG1812G0200001881,FAR1
TuG1812G0200001916,WRKY
TuG1812G0200001956,C2H2
TuG1812G0200001963,C2H2
TuG1812G0200001965,bHLH
TuG1812G0200001967,GRAS
TuG1812G0200001969,LOB
TuG1812G0200001990,HB-other
TuG1812G0200002002,GRAS
TuG1812G0200002003,WRKY
TuG1812G0200002004,WRKY
TuG1812G0200002027,GRAS
TuG1812G0200002033,HRT
TuG1812G0200002054,BES1
TuG1812G0200002066,AP2/ERF-ERF
TuG1812G0200002117,C2H2
TuG1812G0200002132,GRAS
TuG1812G0200002137,FAR1
TuG1812G0200002144,NAC
TuG1812G0200002185,HSF
TuG1812G0200002266,B3
TuG1812G0200002270,MYB
TuG1812G0200002282,bHLH
TuG1812G0200002301,bZIP
TuG1812G0200002382,CAMTA
TuG1812G0200002399,MYB
TuG1812G0200002405,C2C2-YABBY
TuG1812G0200002435,bZIP
TuG1812G0200002442,GRAS
TuG1812G0200002479,bHLH
TuG1812G0200002595,C2C2-Dof
TuG1812G0200002607,FAR1
TuG1812G0200002646,C3H
TuG1812G0200002648,C2H2
TuG1812G0200002732,FAR1
TuG1812G0200002745,bHLH
TuG1812G0200002824,FAR1
TuG1812G0200002843,DDT
TuG1812G0200002854,SBP
TuG1812G0200002908,HB-KNOX
TuG1812G0200002918,C2H2
TuG1812G0200002939,AP2/ERF-AP2
TuG1812G0200002952,GARP-G2-like
TuG1812G0200002984,MADS-MIKC
TuG1812G0200002999,NAC
TuG1812G0200003004,WRKY
TuG1812G0200003017,WRKY
TuG1812G0200003026,bHLH
TuG1812G0200003099,Trihelix
TuG1812G0200003114,Tify
TuG1812G0200003144,bHLH
TuG1812G0200003174,B3-ARF
TuG1812G0200003217,LOB
TuG1812G0200003220,bHLH
TuG1812G0200003225,B3
TuG1812G0200003233,CAMTA
TuG1812G0200003244,AP2/ERF-ERF
TuG1812G0200003249,AP2/ERF-ERF
TuG1812G0200003258,C2H2
TuG1812G0200003279,Trihelix
TuG1812G0200003287,S1Fa-like
TuG1812G0200003327,CAMTA
TuG1812G0200003397,OFP
TuG1812G0200003403,E2F-DP
TuG1812G0200003484,GRAS
TuG1812G0200003499,zf-HD
TuG1812G0200003518,NAC
TuG1812G0200003530,C3H
TuG1812G0200003536,DDT
TuG1812G0200003546,B3-ARF
TuG1812G0200003548,FAR1
TuG1812G0200003557,AP2/ERF-ERF
TuG1812G0200003585,OFP
TuG1812G0200003626,NAC
TuG1812G0200003632,C2H2
TuG1812G0200003673,NF-YB
TuG1812G0200003691,C2H2
TuG1812G0200003699,NAC
TuG1812G0200003700,MADS-MIKC
TuG1812G0200003740,AP2/ERF-ERF
TuG1812G0200003754,EIL
TuG1812G0200003794,WRKY
TuG1812G0200003818,NAC
TuG1812G0200003819,NAC
TuG1812G0200003826,FAR1
TuG1812G0200003833,NAC
TuG1812G0200003836,NAC
TuG1812G0200003837,NAC
TuG1812G0200003838,NAC
TuG1812G0200003841,NAC
TuG1812G0200003916,Trihelix
TuG1812G0200003941,FAR1
TuG1812G0200003994,C2C2-CO-like
TuG1812G0200004036,AP2/ERF-AP2
TuG1812G0200004040,NF-YB
TuG1812G0200004067,bZIP
TuG1812G0200004069,RWP-RK
TuG1812G0200004118,MYB
TuG1812G0200004121,CPP
TuG1812G0200004183,MYB
TuG1812G0200004197,MYB
TuG1812G0200004199,MYB
TuG1812G0200004202,MYB
TuG1812G0200004203,LIM
TuG1812G0200004212,FAR1
TuG1812G0200004235,AP2/ERF-ERF
TuG1812G0200004300,B3-ARF
TuG1812G0200004315,MYB
TuG1812G0200004319,NAC
TuG1812G0200004369,C2C2-YABBY
TuG1812G0200004370,NAC
TuG1812G0200004383,HB-other
TuG1812G0200004392,C2C2-GATA
TuG1812G0200004395,DBB
TuG1812G0200004397,C2C2-GATA
TuG1812G0200004404,Trihelix
TuG1812G0200004406,HB-HD-ZIP
TuG1812G0200004448,OFP
TuG1812G0200004450,C2C2-GATA
TuG1812G0200004457,B3
TuG1812G0200004468,GRAS
TuG1812G0200004500,GRF
TuG1812G0200004505,MYB-related
TuG1812G0200004527,HB-HD-ZIP
TuG1812G0200004531,HSF
TuG1812G0200004540,C2C2-Dof
TuG1812G0200004558,RWP-RK
TuG1812G0200004562,RWP-RK
TuG1812G0200004590,GARP-ARR-B
TuG1812G0200004596,bHLH
TuG1812G0200004637,C2H2
TuG1812G0200004639,SBP
TuG1812G0200004650,AP2/ERF-ERF
TuG1812G0200004651,AP2/ERF-ERF
TuG1812G0200004652,MYB
TuG1812G0200004657,HB-HD-ZIP
TuG1812G0200004666,AP2/ERF-ERF
TuG1812G0200004699,FAR1
TuG1812G0200004732,MADS-MIKC
TuG1812G0200004838,WRKY
TuG1812G0200004855,GRF
TuG1812G0200004863,B3
TuG1812G0200004868,Trihelix
TuG1812G0200004891,GARP-G2-like
TuG1812G0200004919,B3
TuG1812G0200004920,B3
TuG1812G0200004921,B3
TuG1812G0200004926,bHLH
TuG1812G0200004928,bHLH
TuG1812G0200004932,LFY
TuG1812G0200004933,LFY
TuG1812G0200004940,WRKY
TuG1812G0200004969,MYB
TuG1812G0200004982,bHLH
TuG1812G0200005061,MYB-related
TuG1812G0200005086,NAC
TuG1812G0200005091,GRAS
TuG1812G0200005097,B3
TuG1812G0200005103,bHLH
TuG1812G0200005108,NAC
TuG1812G0200005110,MYB-related
TuG1812G0200005111,MYB
TuG1812G0200005129,FAR1
TuG1812G0200005135,B3
TuG1812G0200005173,bZIP
TuG1812G0200005191,FAR1
TuG1812G0200005228,B3
TuG1812G0200005349,C3H
TuG1812G0200005351,GARP-G2-like
TuG1812G0200005369,WRKY
TuG1812G0200005386,C3H
TuG1812G0200005424,WRKY
TuG1812G0200005425,WRKY
TuG1812G0200005454,AP2/ERF-ERF
TuG1812G0200005460,SBP
TuG1812G0200005465,GRF
TuG1812G0200005468,AP2/ERF-ERF
TuG1812G0200005499,AP2/ERF-AP2
TuG1812G0200005515,Tify
TuG1812G0200005584,AP2/ERF-ERF
TuG1812G0200005616,bHLH
TuG1812G0200005655,bHLH
TuG1812G0200005693,MADS-M-type
TuG1812G0200005709,FAR1
TuG1812G0200005710,FAR1
TuG1812G0200005723,bZIP
TuG1812G0200005879,MYB
TuG1812G0200005884,B3-ARF
TuG1812G0200005885,C3H
TuG1812G0200005930,MYB
TuG1812G0200005985,C2C2-Dof
TuG1812G0200005993,C2C2-Dof
TuG1812G0200005994,C2C2-Dof
TuG1812G0200006006,FAR1
TuG1812G0200006043,C2H2
TuG1812G0200006065,TUB
TuG1812G0200006156,OFP
TuG1812G0200006157,OFP
TuG1812G0200006209,BES1
TuG1812G0200006245,MYB-related
TuG1812G0200006276,B3
TuG1812G0200006278,MYB-related
TuG1812G0200006361,NAC
TuG1812G0200006371,C2C2-GATA
TuG1812G0200006372,C2C2-GATA
TuG1812G0300000005,bHLH
TuG1812G0300000006,bHLH
TuG1812G0300000007,bHLH
TuG1812G0300000008,bHLH
TuG1812G0300000012,bHLH
TuG1812G0300000021,HB-HD-ZIP
TuG1812G0300000026,bHLH
TuG1812G0300000031,HB-other
TuG1812G0300000256,FAR1
TuG1812G0300000301,bHLH
TuG1812G0300000374,WRKY
TuG1812G0300000453,FAR1
TuG1812G0300000454,MYB
TuG1812G0300000471,FAR1
TuG1812G0300000564,AP2/ERF-RAV
TuG1812G0300000565,AP2/ERF-RAV
TuG1812G0300000567,AP2/ERF-RAV
TuG1812G0300000594,MYB-related
TuG1812G0300000595,MYB-related
TuG1812G0300000614,bHLH
TuG1812G0300000623,FAR1
TuG1812G0300000633,FAR1
TuG1812G0300000729,GRAS
TuG1812G0300000730,GRAS
TuG1812G0300000731,GRAS
TuG1812G0300000759,C2H2
TuG1812G0300000764,FAR1
TuG1812G0300000842,HB-WOX
TuG1812G0300000892,NAC
TuG1812G0300000928,NAC
TuG1812G0300001007,MADS-MIKC
TuG1812G0300001019,LOB
TuG1812G0300001042,LOB
TuG1812G0300001044,C2H2
TuG1812G0300001124,MYB
TuG1812G0300001150,bHLH
TuG1812G0300001153,bHLH
TuG1812G0300001167,bHLH
TuG1812G0300001177,C2H2
TuG1812G0300001182,GARP-G2-like
TuG1812G0300001192,C2C2-Dof
TuG1812G0300001199,C3H
TuG1812G0300001206,MYB
TuG1812G0300001223,MYB-related
TuG1812G0300001245,WRKY
TuG1812G0300001247,WRKY
TuG1812G0300001260,C2H2
TuG1812G0300001270,HB-other
TuG1812G0300001284,FAR1
TuG1812G0300001302,WRKY
TuG1812G0300001313,C2H2
TuG1812G0300001315,Trihelix
TuG1812G0300001316,Trihelix
TuG1812G0300001344,HB-other
TuG1812G0300001403,BES1
TuG1812G0300001451,B3
TuG1812G0300001452,NF-X1
TuG1812G0300001466,MYB-related
TuG1812G0300001492,MADS-M-type
TuG1812G0300001497,HB-HD-ZIP
TuG1812G0300001499,AP2/ERF-ERF
TuG1812G0300001506,MADS-MIKC
TuG1812G0300001507,MADS-MIKC
TuG1812G0300001561,C3H
TuG1812G0300001564,C3H
TuG1812G0300001565,C3H
TuG1812G0300001573,bZIP
TuG1812G0300001596,bZIP
TuG1812G0300001622,TCP
TuG1812G0300001692,bHLH
TuG1812G0300001712,AP2/ERF-ERF
TuG1812G0300001734,GeBP
TuG1812G0300001746,OFP
TuG1812G0300001763,MYB
TuG1812G0300001803,RWP-RK
TuG1812G0300001838,GARP-G2-like
TuG1812G0300001864,B3
TuG1812G0300001867,GARP-G2-like
TuG1812G0300001879,bHLH
TuG1812G0300001887,B3-ARF
TuG1812G0300001892,RWP-RK
TuG1812G0300001908,NAC
TuG1812G0300001934,LOB
TuG1812G0300001937,C2H2
TuG1812G0300001950,NAC
TuG1812G0300001990,C3H
TuG1812G0300002004,C3H
TuG1812G0300002035,GeBP
TuG1812G0300002048,C3H
TuG1812G0300002067,C2C2-Dof
TuG1812G0300002121,C2C2-Dof
TuG1812G0300002156,MYB
TuG1812G0300002312,bHLH
TuG1812G0300002362,MYB-related
TuG1812G0300002394,C2H2
TuG1812G0300002417,C2H2
TuG1812G0300002418,C3H
TuG1812G0300002447,MYB
TuG1812G0300002452,FAR1
TuG1812G0300002463,WRKY
TuG1812G0300002541,WRKY
TuG1812G0300002595,MYB-related
TuG1812G0300002635,MYB-related
TuG1812G0300002658,WRKY
TuG1812G0300002660,HSF
TuG1812G0300002661,OFP
TuG1812G0300002664,C2C2-LSD
TuG1812G0300002722,zf-HD
TuG1812G0300002744,HB-HD-ZIP
TuG1812G0300002773,WRKY
TuG1812G0300002837,MYB-related
TuG1812G0300002891,Trihelix
TuG1812G0300002898,HB-other
TuG1812G0300002901,B3-ARF
TuG1812G0300002904,NAC
TuG1812G0300002923,HB-WOX
TuG1812G0300002941,WRKY
TuG1812G0300002950,B3
TuG1812G0300002951,B3
TuG1812G0300002972,WRKY
TuG1812G0300002978,bHLH
TuG1812G0300002985,MYB
TuG1812G0300002992,MYB-related
TuG1812G0300003018,MYB
TuG1812G0300003038,MYB
TuG1812G0300003105,MYB
TuG1812G0300003141,E2F-DP
TuG1812G0300003157,TUB
TuG1812G0300003172,Trihelix
TuG1812G0300003194,HB-PHD
TuG1812G0300003218,C2C2-GATA
TuG1812G0300003266,WRKY
TuG1812G0300003270,HSF
TuG1812G0300003313,B3
TuG1812G0300003317,B3
TuG1812G0300003322,MYB
TuG1812G0300003344,HSF
TuG1812G0300003346,OFP
TuG1812G0300003387,C2C2-Dof
TuG1812G0300003398,bZIP
TuG1812G0300003408,FAR1
TuG1812G0300003416,VOZ
TuG1812G0300003423,B3-ARF
TuG1812G0300003432,TCP
TuG1812G0300003447,CPP
TuG1812G0300003543,LOB
TuG1812G0300003550,MYB
TuG1812G0300003585,bHLH
TuG1812G0300003665,HB-HD-ZIP
TuG1812G0300003682,AP2/ERF-ERF
TuG1812G0300003709,bZIP
TuG1812G0300003752,bZIP
TuG1812G0300003762,NAC
TuG1812G0300003789,bZIP
TuG1812G0300003790,AP2/ERF-AP2
TuG1812G0300003799,WRKY
TuG1812G0300003806,HB-WOX
TuG1812G0300003828,WRKY
TuG1812G0300003830,WRKY
TuG1812G0300003834,WRKY
TuG1812G0300003858,LOB
TuG1812G0300003870,WRKY
TuG1812G0300003953,C2H2
TuG1812G0300003956,C2H2
TuG1812G0300003981,MADS-M-type
TuG1812G0300003990,WRKY
TuG1812G0300004004,GARP-G2-like
TuG1812G0300004030,HB-BELL
TuG1812G0300004042,MYB
TuG1812G0300004055,C2H2
TuG1812G0300004056,MYB-related
TuG1812G0300004058,FAR1
TuG1812G0300004096,bZIP
TuG1812G0300004123,HB-WOX
TuG1812G0300004128,MYB
TuG1812G0300004136,NAC
TuG1812G0300004142,TUB
TuG1812G0300004147,bZIP
TuG1812G0300004150,AP2/ERF-ERF
TuG1812G0300004182,MYB
TuG1812G0300004194,NAC
TuG1812G0300004197,OFP
TuG1812G0300004198,OFP
TuG1812G0300004204,NAC
TuG1812G0300004213,C2C2-Dof
TuG1812G0300004274,B3
TuG1812G0300004275,HSF
TuG1812G0300004276,GRAS
TuG1812G0300004281,GRAS
TuG1812G0300004282,GRAS
TuG1812G0300004298,bHLH
TuG1812G0300004309,AP2/ERF-AP2
TuG1812G0300004314,EIL
TuG1812G0300004366,LOB
TuG1812G0300004377,Alfin-like
TuG1812G0300004385,C2C2-Dof
TuG1812G0300004389,B3
TuG1812G0300004390,HSF
TuG1812G0300004400,NAC
TuG1812G0300004413,GRAS
TuG1812G0300004459,C2H2
TuG1812G0300004484,MYB-related
TuG1812G0300004493,C2H2
TuG1812G0300004494,C2H2
TuG1812G0300004509,B3
TuG1812G0300004524,MYB
TuG1812G0300004573,C3H
TuG1812G0300004574,C3H
TuG1812G0300004722,NAC
TuG1812G0300004729,MYB
TuG1812G0300004746,bHLH
TuG1812G0300004751,bHLH
TuG1812G0300004784,zf-HD
TuG1812G0300004792,FAR1
TuG1812G0300004828,SBP
TuG1812G0300004883,HB-other
TuG1812G0300004891,C2C2-YABBY
TuG1812G0300004895,NF-YB
TuG1812G0300004896,NF-YB
TuG1812G0300004946,B3
TuG1812G0300004947,B3
TuG1812G0300004965,C2H2
TuG1812G0300005047,MYB
TuG1812G0300005060,GARP-ARR-B
TuG1812G0300005063,B3
TuG1812G0300005070,FAR1
TuG1812G0300005171,B3
TuG1812G0300005173,B3
TuG1812G0300005174,B3
TuG1812G0300005175,B3
TuG1812G0300005176,B3
TuG1812G0300005191,B3
TuG1812G0300005193,B3
TuG1812G0300005194,B3
TuG1812G0300005197,B3
TuG1812G0300005259,bHLH
TuG1812G0300005261,bHLH
TuG1812G0300005262,bHLH
TuG1812G0300005264,bHLH
TuG1812G0300005289,MYB-related
TuG1812G0300005360,SRS
TuG1812G0300005419,B3
TuG1812G0300005423,PLATZ
TuG1812G0300005516,MYB-related
TuG1812G0300005576,PLATZ
TuG1812G0300005607,FAR1
TuG1812G0300005619,LOB
TuG1812G0300005655,FAR1
TuG1812G0300005657,FAR1
TuG1812G0300005663,FAR1
TuG1812G0300005744,FAR1
TuG1812G0300005773,FAR1
TuG1812G0300005790,FAR1
TuG1812G0300005807,C2C2-Dof
TuG1812G0300005810,C2C2-Dof
TuG1812G0300005811,C2C2-Dof
TuG1812G0300005812,C2C2-Dof
TuG1812G0300005813,C2C2-Dof
TuG1812G0300005814,C2C2-Dof
TuG1812G0300005819,C2C2-Dof
TuG1812G0300005838,B3
TuG1812G0300005847,FAR1
TuG1812G0300005850,MADS-M-type
TuG1812G0300005905,C2C2-GATA
TuG1812G0300005911,C2C2-Dof
TuG1812G0300005921,C3H
TuG1812G0400000009,AP2/ERF-ERF
TuG1812G0400000067,C2H2
TuG1812G0400000082,LOB
TuG1812G0400000123,NF-YB
TuG1812G0400000152,AP2/ERF-ERF
TuG1812G0400000166,FAR1
TuG1812G0400000173,GARP-G2-like
TuG1812G0400000184,FAR1
TuG1812G0400000233,HB-BELL
TuG1812G0400000240,Trihelix
TuG1812G0400000247,bHLH
TuG1812G0400000248,bHLH
TuG1812G0400000285,CPP
TuG1812G0400000294,B3
TuG1812G0400000298,B3
TuG1812G0400000320,FAR1
TuG1812G0400000325,FAR1
TuG1812G0400000327,FAR1
TuG1812G0400000359,C3H
TuG1812G0400000387,TCP
TuG1812G0400000396,GeBP
TuG1812G0400000410,C2C2-CO-like
TuG1812G0400000431,C2H2
TuG1812G0400000439,bHLH
TuG1812G0400000445,zf-HD
TuG1812G0400000486,MYB
TuG1812G0400000502,GARP-G2-like
TuG1812G0400000511,FAR1
TuG1812G0400000520,AP2/ERF-ERF
TuG1812G0400000534,bHLH
TuG1812G0400000543,HB-KNOX
TuG1812G0400000594,C2C2-GATA
TuG1812G0400000635,WRKY
TuG1812G0400000672,B3
TuG1812G0400000675,B3
TuG1812G0400000684,GARP-G2-like
TuG1812G0400000685,NAC
TuG1812G0400000689,FAR1
TuG1812G0400000692,B3
TuG1812G0400000694,B3
TuG1812G0400000695,B3
TuG1812G0400000708,B3
TuG1812G0400000713,B3
TuG1812G0400000730,C2H2
TuG1812G0400000759,LOB
TuG1812G0400000767,C2H2
TuG1812G0400000773,LOB
TuG1812G0400000781,bHLH
TuG1812G0400000784,B3
TuG1812G0400000785,B3
TuG1812G0400000804,B3
TuG1812G0400000805,B3
TuG1812G0400000815,HB-HD-ZIP
TuG1812G0400000818,RWP-RK
TuG1812G0400000854,Alfin-like
TuG1812G0400000866,zf-HD
TuG1812G0400000888,MYB-related
TuG1812G0400000938,MYB
TuG1812G0400000966,B3
TuG1812G0400000967,TCP
TuG1812G0400000984,SBP
TuG1812G0400000994,NAC
TuG1812G0400001029,C2C2-GATA
TuG1812G0400001057,FAR1
TuG1812G0400001080,bZIP
TuG1812G0400001090,TUB
TuG1812G0400001115,FAR1
TuG1812G0400001144,C2H2
TuG1812G0400001156,HB-BELL
TuG1812G0400001173,MYB
TuG1812G0400001234,FAR1
TuG1812G0400001244,OFP
TuG1812G0400001248,B3
TuG1812G0400001334,WRKY
TuG1812G0400001341,HSF
TuG1812G0400001397,bZIP
TuG1812G0400001410,DDT
TuG1812G0400001437,NF-YC
TuG1812G0400001505,GRAS
TuG1812G0400001506,GRAS
TuG1812G0400001507,GRAS
TuG1812G0400001509,GRAS
TuG1812G0400001526,FAR1
TuG1812G0400001530,C2H2
TuG1812G0400001537,MYB
TuG1812G0400001588,GARP-G2-like
TuG1812G0400001646,OFP
TuG1812G0400001655,bZIP
TuG1812G0400001665,WRKY
TuG1812G0400001691,FAR1
TuG1812G0400001710,MYB
TuG1812G0400001767,GARP-G2-like
TuG1812G0400001794,NAC
TuG1812G0400001843,GeBP
TuG1812G0400001897,HB-WOX
TuG1812G0400001899,GARP-G2-like
TuG1812G0400001906,TUB
TuG1812G0400001913,MADS-M-type
TuG1812G0400001933,WRKY
TuG1812G0400002038,GARP-G2-like
TuG1812G0400002135,bZIP
TuG1812G0400002138,WRKY
TuG1812G0400002160,bZIP
TuG1812G0400002167,MYB
TuG1812G0400002181,AP2/ERF-AP2
TuG1812G0400002209,bZIP
TuG1812G0400002229,MYB
TuG1812G0400002280,MYB
TuG1812G0400002307,Trihelix
TuG1812G0400002308,Trihelix
TuG1812G0400002406,LOB
TuG1812G0400002409,TUB
TuG1812G0400002464,C2C2-Dof
TuG1812G0400002501,LIM
TuG1812G0400002536,AP2/ERF-ERF
TuG1812G0400002537,GRAS
TuG1812G0400002558,bHLH
TuG1812G0400002588,FAR1
TuG1812G0400002591,FAR1
TuG1812G0400002604,MYB-related
TuG1812G0400002616,NF-YC
TuG1812G0400002636,MADS-MIKC
TuG1812G0400002646,HB-other
TuG1812G0400002647,HB-other
TuG1812G0400002679,LOB
TuG1812G0400002706,MYB
TuG1812G0400002712,C2H2
TuG1812G0400002717,BBR-BPC
TuG1812G0400002724,bZIP
TuG1812G0400002725,C2H2
TuG1812G0400002731,MYB-related
TuG1812G0400002788,AP2/ERF-AP2
TuG1812G0400002790,bHLH
TuG1812G0400002824,FAR1
TuG1812G0400002825,bHLH
TuG1812G0400002839,MADS-MIKC
TuG1812G0400002844,C2C2-YABBY
TuG1812G0400002874,AP2/ERF-ERF
TuG1812G0400002888,B3
TuG1812G0400002923,B3
TuG1812G0400002925,B3
TuG1812G0400002963,FAR1
TuG1812G0400002994,bHLH
TuG1812G0400002996,MYB
TuG1812G0400003053,C2H2
TuG1812G0400003057,OFP
TuG1812G0400003086,GRAS
TuG1812G0400003100,E2F-DP
TuG1812G0400003151,FAR1
TuG1812G0400003165,OFP
TuG1812G0400003187,bHLH
TuG1812G0400003193,MADS-MIKC
TuG1812G0400003209,HB-BELL
TuG1812G0400003257,HB-HD-ZIP
TuG1812G0400003264,C2C2-Dof
TuG1812G0400003277,C2H2
TuG1812G0400003287,FAR1
TuG1812G0400003291,NF-YA
TuG1812G0400003318,FAR1
TuG1812G0400003325,bHLH
TuG1812G0400003355,MYB
TuG1812G0400003359,B3
TuG1812G0400003370,MADS-MIKC
TuG1812G0400003373,AP2/ERF-ERF
TuG1812G0400003380,AP2/ERF-ERF
TuG1812G0400003400,bHLH
TuG1812G0400003421,HB-HD-ZIP
TuG1812G0400003449,C2H2
TuG1812G0400003451,LOB
TuG1812G0400003452,LOB
TuG1812G0400003471,C2C2-GATA
TuG1812G0400003487,MYB
TuG1812G0400003490,AP2/ERF-ERF
TuG1812G0400003493,C2H2
TuG1812G0400003505,FAR1
TuG1812G0400003535,C2C2-GATA
TuG1812G0400003550,B3
TuG1812G0400003626,B3
TuG1812G0400003627,B3
TuG1812G0400003628,FAR1
TuG1812G0400003642,B3
TuG1812G0400003643,B3
TuG1812G0400003661,TCP
TuG1812G0400003759,FAR1
TuG1812G0400003839,TUB
TuG1812G0400003900,HB-other
TuG1812G0400003946,MYB
TuG1812G0400003950,HSF
TuG1812G0400003961,WRKY
TuG1812G0500000020,MADS-MIKC
TuG1812G0500000021,MADS-MIKC
TuG1812G0500000022,MADS-M-type
TuG1812G0500000023,TCP
TuG1812G0500000048,GeBP
TuG1812G0500000085,MYB-related
TuG1812G0500000106,HB-BELL
TuG1812G0500000238,B3
TuG1812G0500000240,bHLH
TuG1812G0500000268,bZIP
TuG1812G0500000278,C2C2-GATA
TuG1812G0500000328,C2C2-YABBY
TuG1812G0500000342,FAR1
TuG1812G0500000348,FAR1
TuG1812G0500000420,NAC
TuG1812G0500000462,B3-ARF
TuG1812G0500000483,C2H2
TuG1812G0500000495,MYB-related
TuG1812G0500000530,NF-YA
TuG1812G0500000531,NF-YA
TuG1812G0500000532,HB-HD-ZIP
TuG1812G0500000536,FAR1
TuG1812G0500000575,FAR1
TuG1812G0500000585,C2C2-LSD
TuG1812G0500000620,FAR1
TuG1812G0500000648,CPP
TuG1812G0500000651,CPP
TuG1812G0500000672,bZIP
TuG1812G0500000726,WRKY
TuG1812G0500000738,WRKY
TuG1812G0500000758,B3
TuG1812G0500000759,B3
TuG1812G0500000766,B3
TuG1812G0500000767,FAR1
TuG1812G0500000775,C3H
TuG1812G0500000777,B3
TuG1812G0500000778,B3
TuG1812G0500000779,B3
TuG1812G0500000780,B3
TuG1812G0500000782,B3
TuG1812G0500000826,C2H2
TuG1812G0500000850,C2H2
TuG1812G0500000857,C2H2
TuG1812G0500000902,C2C2-Dof
TuG1812G0500000930,FAR1
TuG1812G0500000935,GRAS
TuG1812G0500000949,FAR1
TuG1812G0500000964,MYB
TuG1812G0500000970,MYB
TuG1812G0500000974,MYB
TuG1812G0500000992,HB-WOX
TuG1812G0500001015,FAR1
TuG1812G0500001166,MYB
TuG1812G0500001171,C3H
TuG1812G0500001183,LIM
TuG1812G0500001202,bZIP
TuG1812G0500001203,bZIP
TuG1812G0500001206,E2F-DP
TuG1812G0500001210,OFP
TuG1812G0500001226,bZIP
TuG1812G0500001240,C2C2-GATA
TuG1812G0500001271,DDT
TuG1812G0500001322,bZIP
TuG1812G0500001332,TCP
TuG1812G0500001336,Trihelix
TuG1812G0500001375,B3
TuG1812G0500001376,NAC
TuG1812G0500001418,MYB
TuG1812G0500001436,MADS-MIKC
TuG1812G0500001437,MADS-MIKC
TuG1812G0500001448,TUB
TuG1812G0500001475,WRKY
TuG1812G0500001479,C2H2
TuG1812G0500001495,NAC
TuG1812G0500001503,C3H
TuG1812G0500001516,FAR1
TuG1812G0500001604,FAR1
TuG1812G0500001628,AP2/ERF-AP2
TuG1812G0500001629,bZIP
TuG1812G0500001649,GRAS
TuG1812G0500001695,GARP-G2-like
TuG1812G0500001723,GRAS
TuG1812G0500001753,WRKY
TuG1812G0500001756,WRKY
TuG1812G0500001757,WRKY
TuG1812G0500001778,NAC
TuG1812G0500001779,NAC
TuG1812G0500001782,bZIP
TuG1812G0500001793,MYB
TuG1812G0500001810,WRKY
TuG1812G0500001815,HB-WOX
TuG1812G0500001822,MYB-related
TuG1812G0500001831,FAR1
TuG1812G0500001856,C2C2-Dof
TuG1812G0500001863,MYB
TuG1812G0500002022,GARP-G2-like
TuG1812G0500002023,GARP-G2-like
TuG1812G0500002036,bZIP
TuG1812G0500002087,bZIP
TuG1812G0500002097,FAR1
TuG1812G0500002103,AP2/ERF-ERF
TuG1812G0500002113,MYB-related
TuG1812G0500002157,WRKY
TuG1812G0500002175,C2H2
TuG1812G0500002178,AP2/ERF-ERF
TuG1812G0500002282,C3H
TuG1812G0500002307,HB-HD-ZIP
TuG1812G0500002328,GARP-G2-like
TuG1812G0500002367,FAR1
TuG1812G0500002382,FAR1
TuG1812G0500002386,Tify
TuG1812G0500002442,Tify
TuG1812G0500002476,AP2/ERF-ERF
TuG1812G0500002497,MYB
TuG1812G0500002576,WRKY
TuG1812G0500002577,WRKY
TuG1812G0500002578,WRKY
TuG1812G0500002592,bHLH
TuG1812G0500002613,zf-HD
TuG1812G0500002616,MYB
TuG1812G0500002630,HB-HD-ZIP
TuG1812G0500002648,C2H2
TuG1812G0500002651,GeBP
TuG1812G0500002679,HSF
TuG1812G0500002693,AP2/ERF-ERF
TuG1812G0500002755,bHLH
TuG1812G0500002756,NAC
TuG1812G0500002760,bHLH
TuG1812G0500002788,HB-HD-ZIP
TuG1812G0500002806,C2H2
TuG1812G0500002813,bHLH
TuG1812G0500002826,C2C2-Dof
TuG1812G0500002864,bHLH
TuG1812G0500002874,C2H2
TuG1812G0500002936,NF-YC
TuG1812G0500002949,WRKY
TuG1812G0500002976,EIL
TuG1812G0500002978,SBP
TuG1812G0500002979,MADS-MIKC
TuG1812G0500002980,bZIP
TuG1812G0500002985,MYB-related
TuG1812G0500003001,FAR1
TuG1812G0500003058,NAC
TuG1812G0500003139,MYB-related
TuG1812G0500003141,MYB-related
TuG1812G0500003143,MYB-related
TuG1812G0500003144,MYB-related
TuG1812G0500003149,bHLH
TuG1812G0500003192,LOB
TuG1812G0500003204,SBP
TuG1812G0500003205,MADS-MIKC
TuG1812G0500003239,MYB-related
TuG1812G0500003240,MYB-related
TuG1812G0500003249,NAC
TuG1812G0500003253,MYB
TuG1812G0500003375,bZIP
TuG1812G0500003412,TCP
TuG1812G0500003416,AP2/ERF-ERF
TuG1812G0500003417,AP2/ERF-ERF
TuG1812G0500003418,AP2/ERF-ERF
TuG1812G0500003427,MYB
TuG1812G0500003456,MYB
TuG1812G0500003494,GRAS
TuG1812G0500003546,MYB
TuG1812G0500003573,HB-HD-ZIP
TuG1812G0500003574,HB-HD-ZIP
TuG1812G0500003576,DBB
TuG1812G0500003592,AP2/ERF-ERF
TuG1812G0500003593,AP2/ERF-ERF
TuG1812G0500003594,AP2/ERF-ERF
TuG1812G0500003596,AP2/ERF-ERF
TuG1812G0500003597,AP2/ERF-ERF
TuG1812G0500003821,NAC
TuG1812G0500003822,NAC
TuG1812G0500003862,C2H2
TuG1812G0500003922,FAR1
TuG1812G0500003930,B3
TuG1812G0500003940,B3
TuG1812G0500003941,NF-YA
TuG1812G0500003999,C2C2-YABBY
TuG1812G0500004018,NF-YA
TuG1812G0500004041,MYB-related
TuG1812G0500004051,C2C2-LSD
TuG1812G0500004055,bHLH
TuG1812G0500004099,WRKY
TuG1812G0500004130,HSF
TuG1812G0500004161,B3
TuG1812G0500004190,FAR1
TuG1812G0500004251,GARP-G2-like
TuG1812G0500004252,C2H2
TuG1812G0500004275,AP2/ERF-AP2
TuG1812G0500004278,MYB
TuG1812G0500004279,HB-KNOX
TuG1812G0500004322,GARP-G2-like
TuG1812G0500004328,GRAS
TuG1812G0500004340,FAR1
TuG1812G0500004347,NAC
TuG1812G0500004348,NAC
TuG1812G0500004361,FAR1
TuG1812G0500004369,GRAS
TuG1812G0500004370,GRAS
TuG1812G0500004437,bHLH
TuG1812G0500004464,C3H
TuG1812G0500004466,C3H
TuG1812G0500004472,TCP
TuG1812G0500004561,FAR1
TuG1812G0500004606,HSF
TuG1812G0500004614,B3
TuG1812G0500004615,B3
TuG1812G0500004616,B3
TuG1812G0500004628,bZIP
TuG1812G0500004681,DDT
TuG1812G0500004683,bHLH
TuG1812G0500004690,bHLH
TuG1812G0500004693,bHLH
TuG1812G0500004704,MYB
TuG1812G0500004767,FAR1
TuG1812G0500004792,NF-YB
TuG1812G0500004796,bZIP
TuG1812G0500004855,AP2/ERF-ERF
TuG1812G0500004879,Alfin-like
TuG1812G0500004908,C2H2
TuG1812G0500004909,C2H2
TuG1812G0500004910,C2H2
TuG1812G0500004912,C2H2
TuG1812G0500004914,C2H2
TuG1812G0500004924,C2H2
TuG1812G0500004925,C2H2
TuG1812G0500004926,C2H2
TuG1812G0500004927,C2H2
TuG1812G0500004929,C2H2
TuG1812G0500004930,C2H2
TuG1812G0500004931,C2H2
TuG1812G0500004932,C2H2
TuG1812G0500004933,C2H2
TuG1812G0500004934,C2H2
TuG1812G0500004936,C2H2
TuG1812G0500004990,B3
TuG1812G0500005048,bHLH
TuG1812G0500005052,bHLH
TuG1812G0500005066,bZIP
TuG1812G0500005071,bHLH
TuG1812G0500005092,bHLH
TuG1812G0500005093,WRKY
TuG1812G0500005100,bHLH
TuG1812G0500005102,bHLH
TuG1812G0500005110,AP2/ERF-RAV
TuG1812G0500005114,RWP-RK
TuG1812G0500005140,NAC
TuG1812G0500005158,bHLH
TuG1812G0500005160,bHLH
TuG1812G0500005162,bHLH
TuG1812G0500005164,bHLH
TuG1812G0500005188,GRAS
TuG1812G0500005189,GRAS
TuG1812G0500005190,GRAS
TuG1812G0500005191,GRAS
TuG1812G0500005206,bZIP
TuG1812G0500005245,MYB
TuG1812G0500005248,HB-BELL
TuG1812G0500005250,HB-KNOX
TuG1812G0500005260,bHLH
TuG1812G0500005280,MADS-M-type
TuG1812G0500005295,NAC
TuG1812G0500005314,LOB
TuG1812G0500005366,LOB
TuG1812G0500005367,LOB
TuG1812G0500005384,FAR1
TuG1812G0500005418,GRAS
TuG1812G0500005430,bHLH
TuG1812G0500005432,bHLH
TuG1812G0500005444,HSF
TuG1812G0500005456,C2H2
TuG1812G0500005457,C2H2
TuG1812G0500005470,WRKY
TuG1812G0500005547,FAR1
TuG1812G0500005548,FAR1
TuG1812G0500005589,HSF
TuG1812G0500005603,HSF
TuG1812G0500005604,HSF
TuG1812G0500005702,bHLH
TuG1812G0600000044,NAC
TuG1812G0600000114,GARP-G2-like
TuG1812G0600000135,MADS-MIKC
TuG1812G0600000137,GARP-G2-like
TuG1812G0600000138,GARP-G2-like
TuG1812G0600000389,C2H2
TuG1812G0600000412,bHLH
TuG1812G0600000415,FAR1
TuG1812G0600000481,MYB
TuG1812G0600000496,NAC
TuG1812G0600000682,C3H
TuG1812G0600000739,bHLH
TuG1812G0600000740,bHLH
TuG1812G0600000741,bHLH
TuG1812G0600000749,HB-other
TuG1812G0600000750,HB-other
TuG1812G0600000826,WRKY
TuG1812G0600000891,bZIP
TuG1812G0600000928,BES1
TuG1812G0600000940,C2H2
TuG1812G0600000982,C2C2-GATA
TuG1812G0600000985,AP2/ERF-ERF
TuG1812G0600000988,AP2/ERF-ERF
TuG1812G0600001007,HSF
TuG1812G0600001045,RWP-RK
TuG1812G0600001086,FAR1
TuG1812G0600001109,NAC
TuG1812G0600001124,GARP-G2-like
TuG1812G0600001162,bHLH
TuG1812G0600001166,B3
TuG1812G0600001170,B3-ARF
TuG1812G0600001197,C2C2-GATA
TuG1812G0600001224,HB-PHD
TuG1812G0600001242,HB-other
TuG1812G0600001244,HB-other
TuG1812G0600001310,AP2/ERF-AP2
TuG1812G0600001328,C2H2
TuG1812G0600001382,MADS-MIKC
TuG1812G0600001383,C2H2
TuG1812G0600001387,Whirly
TuG1812G0600001414,C3H
TuG1812G0600001438,B3-ARF
TuG1812G0600001439,C3H
TuG1812G0600001444,MYB
TuG1812G0600001520,TUB
TuG1812G0600001535,PLATZ
TuG1812G0600001539,HB-KNOX
TuG1812G0600001543,C2H2
TuG1812G0600001545,GARP-ARR-B
TuG1812G0600001555,WRKY
TuG1812G0600001583,SBP
TuG1812G0600001614,bZIP
TuG1812G0600001622,SBP
TuG1812G0600001626,GARP-G2-like
TuG1812G0600001638,PLATZ
TuG1812G0600001653,NF-YC
TuG1812G0600001655,MADS-MIKC
TuG1812G0600001731,MYB
TuG1812G0600001777,PLATZ
TuG1812G0600001787,PLATZ
TuG1812G0600001788,C3H
TuG1812G0600001789,C3H
TuG1812G0600001795,C3H
TuG1812G0600001824,AP2/ERF-ERF
TuG1812G0600001841,GRAS
TuG1812G0600001853,AP2/ERF-ERF
TuG1812G0600001887,AP2/ERF-ERF
TuG1812G0600001890,AP2/ERF-ERF
TuG1812G0600002004,C2H2
TuG1812G0600002005,C2H2
TuG1812G0600002076,Trihelix
TuG1812G0600002085,E2F-DP
TuG1812G0600002171,B3
TuG1812G0600002208,bZIP
TuG1812G0600002229,DBB
TuG1812G0600002245,FAR1
TuG1812G0600002265,MYB
TuG1812G0600002287,bHLH
TuG1812G0600002303,B3
TuG1812G0600002304,LOB
TuG1812G0600002334,C2C2-GATA
TuG1812G0600002351,bHLH
TuG1812G0600002369,bHLH
TuG1812G0600002415,C2H2
TuG1812G0600002466,NAC
TuG1812G0600002492,MYB
TuG1812G0600002509,FAR1
TuG1812G0600002527,AP2/ERF-AP2
TuG1812G0600002534,FAR1
TuG1812G0600002556,TCP
TuG1812G0600002607,MYB
TuG1812G0600002608,MYB
TuG1812G0600002609,MYB
TuG1812G0600002618,MYB
TuG1812G0600002619,MYB
TuG1812G0600002630,LIM
TuG1812G0600002642,AP2/ERF-ERF
TuG1812G0600002647,MYB
TuG1812G0600002649,MYB
TuG1812G0600002657,B3-ARF
TuG1812G0600002668,NAC
TuG1812G0600002683,C2C2-GATA
TuG1812G0600002690,Trihelix
TuG1812G0600002697,HB-HD-ZIP
TuG1812G0600002704,WRKY
TuG1812G0600002737,AP2/ERF-ERF
TuG1812G0600002739,AP2/ERF-ERF
TuG1812G0600002752,GRAS
TuG1812G0600002762,C2H2
TuG1812G0600002786,PLATZ
TuG1812G0600002792,AP2/ERF-ERF
TuG1812G0600002832,C2H2
TuG1812G0600002837,C2C2-Dof
TuG1812G0600002838,HB-HD-ZIP
TuG1812G0600002846,HB-HD-ZIP
TuG1812G0600002849,AP2/ERF-ERF
TuG1812G0600002854,AP2/ERF-ERF
TuG1812G0600002856,GRF
TuG1812G0600002861,OFP
TuG1812G0600002864,C3H
TuG1812G0600002879,MYB-related
TuG1812G0600002882,MADS-MIKC
TuG1812G0600002899,MYB-related
TuG1812G0600002931,PLATZ
TuG1812G0600002938,GARP-G2-like
TuG1812G0600002939,GARP-G2-like
TuG1812G0600002949,WRKY
TuG1812G0600002962,bHLH
TuG1812G0600002972,MYB
TuG1812G0600003007,TUB
TuG1812G0600003009,bHLH
TuG1812G0600003012,MYB-related
TuG1812G0600003049,bHLH
TuG1812G0600003054,FAR1
TuG1812G0600003105,C3H
TuG1812G0600003158,C2C2-CO-like
TuG1812G0600003168,NF-YB
TuG1812G0600003193,C2C2-CO-like
TuG1812G0600003215,C2C2-CO-like
TuG1812G0600003221,Tify
TuG1812G0600003225,MYB
TuG1812G0600003269,NAC
TuG1812G0600003313,bHLH
TuG1812G0600003342,NAC
TuG1812G0600003353,E2F-DP
TuG1812G0600003376,MADS-MIKC
TuG1812G0600003399,bHLH
TuG1812G0600003418,MYB
TuG1812G0600003419,MYB
TuG1812G0600003425,AP2/ERF-ERF
TuG1812G0600003427,AP2/ERF-ERF
TuG1812G0600003479,HB-HD-ZIP
TuG1812G0600003496,WRKY
TuG1812G0600003523,MYB-related
TuG1812G0600003532,AP2/ERF-ERF
TuG1812G0600003557,bZIP
TuG1812G0600003580,NF-YA
TuG1812G0600003582,bHLH
TuG1812G0600003593,GRF
TuG1812G0600003630,BES1
TuG1812G0600003634,MADS-M-type
TuG1812G0600003652,AP2/ERF-ERF
TuG1812G0600003661,AP2/ERF-ERF
TuG1812G0600003662,AP2/ERF-ERF
TuG1812G0600003663,AP2/ERF-ERF
TuG1812G0600003677,MYB-related
TuG1812G0600003700,MYB-related
TuG1812G0600003703,MYB-related
TuG1812G0600003732,MYB-related
TuG1812G0600003741,MYB
TuG1812G0600003834,bHLH
TuG1812G0600003840,MADS-M-type
TuG1812G0600003841,MADS-M-type
TuG1812G0600003861,AP2/ERF-ERF
TuG1812G0600003878,MADS-M-type
TuG1812G0600003880,GARP-ARR-B
TuG1812G0600003902,FAR1
TuG1812G0600004015,C2C2-GATA
TuG1812G0600004022,FAR1
TuG1812G0600004064,NAC
TuG1812G0600004081,AP2/ERF-ERF
TuG1812G0600004083,AP2/ERF-ERF
TuG1812G0600004135,FAR1
TuG1812G0600004160,AP2/ERF-ERF
TuG1812G0600004191,AP2/ERF-ERF
TuG1812G0600004236,FAR1
TuG1812G0600004296,B3
TuG1812G0600004308,FAR1
TuG1812G0600004377,FAR1
TuG1812G0600004405,HB-other
TuG1812G0600004406,HB-other
TuG1812G0600004408,HB-other
TuG1812G0700000052,NAC
TuG1812G0700000111,NAC
TuG1812G0700000210,MYB
TuG1812G0700000250,B3
TuG1812G0700000265,HB-BELL
TuG1812G0700000272,B3
TuG1812G0700000284,MYB
TuG1812G0700000298,B3
TuG1812G0700000309,MYB-related
TuG1812G0700000325,NAC
TuG1812G0700000326,MYB
TuG1812G0700000330,B3
TuG1812G0700000345,B3
TuG1812G0700000398,MYB-related
TuG1812G0700000493,FAR1
TuG1812G0700000495,B3
TuG1812G0700000500,MADS-MIKC
TuG1812G0700000622,AP2/ERF-ERF
TuG1812G0700000623,AP2/ERF-ERF
TuG1812G0700000628,GRAS
TuG1812G0700000635,B3
TuG1812G0700000680,B3
TuG1812G0700000717,BBR-BPC
TuG1812G0700000724,NAC
TuG1812G0700000725,NAC
TuG1812G0700000727,NAC
TuG1812G0700000728,NAC
TuG1812G0700000882,MYB-related
TuG1812G0700000947,HB-HD-ZIP
TuG1812G0700000950,HB-HD-ZIP
TuG1812G0700000951,HB-HD-ZIP
TuG1812G0700001022,AP2/ERF-AP2
TuG1812G0700001025,Whirly
TuG1812G0700001118,FAR1
TuG1812G0700001120,DBB
TuG1812G0700001148,MADS-MIKC
TuG1812G0700001158,MYB-related
TuG1812G0700001192,WRKY
TuG1812G0700001206,bHLH
TuG1812G0700001254,MYB-related
TuG1812G0700001256,MYB-related
TuG1812G0700001260,MYB-related
TuG1812G0700001276,MYB
TuG1812G0700001277,MADS-MIKC
TuG1812G0700001302,C2H2
TuG1812G0700001303,AP2/ERF-ERF
TuG1812G0700001308,FAR1
TuG1812G0700001327,bHLH
TuG1812G0700001343,FAR1
TuG1812G0700001359,FAR1
TuG1812G0700001365,MYB
TuG1812G0700001479,DBP
TuG1812G0700001493,MYB-related
TuG1812G0700001513,MYB-related
TuG1812G0700001519,AP2/ERF-ERF
TuG1812G0700001527,GARP-ARR-B
TuG1812G0700001528,GARP-ARR-B
TuG1812G0700001529,GARP-ARR-B
TuG1812G0700001544,bHLH
TuG1812G0700001558,FAR1
TuG1812G0700001594,NAC
TuG1812G0700001610,B3
TuG1812G0700001624,C2H2
TuG1812G0700001638,FAR1
TuG1812G0700001660,B3-ARF
TuG1812G0700001686,bHLH
TuG1812G0700001689,AP2/ERF-ERF
TuG1812G0700001693,FAR1
TuG1812G0700001748,FAR1
TuG1812G0700001763,GRF
TuG1812G0700001765,MYB
TuG1812G0700001786,HB-HD-ZIP
TuG1812G0700001787,HB-other
TuG1812G0700001793,GeBP
TuG1812G0700001798,AP2/ERF-ERF
TuG1812G0700001801,bZIP
TuG1812G0700001855,MADS-MIKC
TuG1812G0700001884,AP2/ERF-ERF
TuG1812G0700001886,bZIP
TuG1812G0700001967,TCP
TuG1812G0700001988,MYB-related
TuG1812G0700001994,NAC
TuG1812G0700002008,FAR1
TuG1812G0700002051,LIM
TuG1812G0700002072,NAC
TuG1812G0700002103,E2F-DP
TuG1812G0700002109,FAR1
TuG1812G0700002136,GeBP
TuG1812G0700002150,Tify
TuG1812G0700002154,Tify
TuG1812G0700002171,TCP
TuG1812G0700002187,MYB
TuG1812G0700002206,NAC
TuG1812G0700002212,C2C2-CO-like
TuG1812G0700002244,bZIP
TuG1812G0700002263,C2C2-Dof
TuG1812G0700002272,NF-YB
TuG1812G0700002274,NF-YB
TuG1812G0700002279,HB-other
TuG1812G0700002312,FAR1
TuG1812G0700002349,C2C2-CO-like
TuG1812G0700002350,C2C2-CO-like
TuG1812G0700002356,MYB
TuG1812G0700002435,LOB
TuG1812G0700002444,bHLH
TuG1812G0700002454,C3H
TuG1812G0700002468,FAR1
TuG1812G0700002487,HB-other
TuG1812G0700002515,NF-YC
TuG1812G0700002558,C2H2
TuG1812G0700002571,bHLH
TuG1812G0700002579,SBP
TuG1812G0700002591,MYB-related
TuG1812G0700002599,WRKY
TuG1812G0700002616,NAC
TuG1812G0700002627,SBP
TuG1812G0700002643,AP2/ERF-ERF
TuG1812G0700002650,MYB
TuG1812G0700002656,B3-ARF
TuG1812G0700002675,C2H2
TuG1812G0700002681,C2H2
TuG1812G0700002720,TCP
TuG1812G0700002737,MYB-related
TuG1812G0700002753,MADS-MIKC
TuG1812G0700002770,NAC
TuG1812G0700002782,bHLH
TuG1812G0700002787,AP2/ERF-ERF
TuG1812G0700002818,bZIP
TuG1812G0700002849,bZIP
TuG1812G0700002868,HSF
TuG1812G0700002870,SRS
TuG1812G0700002880,B3
TuG1812G0700002891,MADS-M-type
TuG1812G0700002922,MYB
TuG1812G0700002971,WRKY
TuG1812G0700003005,C2H2
TuG1812G0700003056,AP2/ERF-AP2
TuG1812G0700003058,C2H2
TuG1812G0700003088,PLATZ
TuG1812G0700003172,GARP-G2-like
TuG1812G0700003231,MYB
TuG1812G0700003239,NAC
TuG1812G0700003241,MYB-related
TuG1812G0700003246,C3H
TuG1812G0700003309,MYB
TuG1812G0700003310,MYB-related
TuG1812G0700003318,NAC
TuG1812G0700003384,C2C2-LSD
TuG1812G0700003414,bHLH
TuG1812G0700003436,HB-HD-ZIP
TuG1812G0700003497,NAC
TuG1812G0700003504,MADS-MIKC
TuG1812G0700003521,bHLH
TuG1812G0700003565,TUB
TuG1812G0700003569,NAC
TuG1812G0700003576,MYB
TuG1812G0700003595,NAC
TuG1812G0700003600,MADS-M-type
TuG1812G0700003621,NF-YC
TuG1812G0700003623,MYB-related
TuG1812G0700003630,B3
TuG1812G0700003651,NAC
TuG1812G0700003697,GARP-G2-like
TuG1812G0700003704,bHLH
TuG1812G0700003710,WRKY
TuG1812G0700003738,CPP
TuG1812G0700003747,WRKY
TuG1812G0700003773,GARP-G2-like
TuG1812G0700003786,NAC
TuG1812G0700003798,bHLH
TuG1812G0700003864,BES1
TuG1812G0700003867,HSF
TuG1812G0700003870,AP2/ERF-ERF
TuG1812G0700003878,FAR1
TuG1812G0700003911,HSF
TuG1812G0700003934,NAC
TuG1812G0700003936,NAC
TuG1812G0700003943,HB-BELL
TuG1812G0700003958,MADS-M-type
TuG1812G0700003959,MADS-M-type
TuG1812G0700003971,bHLH
TuG1812G0700003983,C2C2-GATA
TuG1812G0700004040,FAR1
TuG1812G0700004043,DBP
TuG1812G0700004071,HB-other
TuG1812G0700004075,bZIP
TuG1812G0700004106,MYB
TuG1812G0700004148,MADS-MIKC
TuG1812G0700004184,WRKY
TuG1812G0700004222,GRAS
TuG1812G0700004226,GARP-G2-like
TuG1812G0700004283,B3
TuG1812G0700004319,MYB-related
TuG1812G0700004350,bZIP
TuG1812G0700004354,FAR1
TuG1812G0700004368,bHLH
TuG1812G0700004375,C2H2
TuG1812G0700004397,AP2/ERF-ERF
TuG1812G0700004404,C3H
TuG1812G0700004408,GARP-G2-like
TuG1812G0700004444,GARP-G2-like
TuG1812G0700004445,GARP-G2-like
TuG1812G0700004447,GARP-G2-like
TuG1812G0700004448,GARP-G2-like
TuG1812G0700004475,MYB
TuG1812G0700004485,C3H
TuG1812G0700004504,SRS
TuG1812G0700004520,B3-ARF
TuG1812G0700004529,B3
TuG1812G0700004575,bZIP
TuG1812G0700004581,bZIP
TuG1812G0700004583,bHLH
TuG1812G0700004589,Tify
TuG1812G0700004590,Tify
TuG1812G0700004727,MADS-M-type
TuG1812G0700004731,MADS-M-type
TuG1812G0700004742,AP2/ERF-ERF
TuG1812G0700004847,C3H
TuG1812G0700004878,B3-ARF
TuG1812G0700004951,MYB
TuG1812G0700004968,B3
TuG1812G0700004978,NAC
TuG1812G0700004987,NAC
TuG1812G0700005012,GARP-G2-like
TuG1812G0700005062,NF-YC
TuG1812G0700005063,MADS-MIKC
TuG1812G0700005074,NF-YC
TuG1812G0700005076,MADS-MIKC
TuG1812G0700005083,FAR1
TuG1812G0700005103,GARP-G2-like
TuG1812G0700005104,GARP-G2-like
TuG1812G0700005106,GARP-G2-like
TuG1812G0700005112,MYB-related
TuG1812G0700005151,AP2/ERF-ERF
TuG1812G0700005157,GARP-G2-like
TuG1812G0700005172,FAR1
TuG1812G0700005175,FAR1
TuG1812G0700005187,FAR1
TuG1812G0700005230,bZIP
TuG1812G0700005272,GRAS
TuG1812G0700005298,SBP
TuG1812G0700005303,PLATZ
TuG1812G0700005323,AP2/ERF-AP2
TuG1812G0700005339,SBP
TuG1812G0700005341,SBP
TuG1812G0700005344,C2C2-CO-like
TuG1812G0700005347,RWP-RK
TuG1812G0700005478,WRKY
TuG1812G0700005479,WRKY
TuG1812G0700005520,GARP-ARR-B
TuG1812G0700005530,HB-KNOX
TuG1812G0700005539,C2H2
TuG1812G0700005545,C2H2
TuG1812G0700005550,C2H2
TuG1812G0700005575,NF-X1
TuG1812G0700005583,FAR1
TuG1812G0700005587,FAR1
TuG1812G0700005588,FAR1
TuG1812G0700005644,C3H
TuG1812G0700005663,bZIP
TuG1812G0700005791,bHLH
TuG1812G0700005798,NAC
TuG1812G0700005852,C2H2
TuG1812G0700005855,C2H2
TuG1812G0700005862,FAR1
TuG1812G0700005899,MYB-related
TuG1812G0700005962,bHLH
TuG1812G0700005985,MADS-M-type
TuG1812G0700006095,FAR1
TuG1812G0700006099,NAC
TuG1812G0700006101,NAC
TuG1812S0000044200,MYB
TuG1812S0000138000,bHLH
TuG1812S0000177000,MYB
TuG1812S0000188700,NAC
TuG1812S0000206300,EIL
TuG1812S0000210200,bZIP
TuG1812S0000230000,WRKY
TuG1812S0000241200,C3H
TuG1812S0000365900,GARP-G2-like
TuG1812S0000373300,PLATZ
TuG1812S0000428400,B3
TuG1812S0000433100,B3
TuG1812S0000452500,bHLH
TuG1812S0000478700,bHLH
TuG1812S0000513400,CAMTA
TuG1812S0000545100,HB-HD-ZIP
TuG1812S0000557600,NAC
TuG1812S0000567900,MYB-related
TuG1812S0000586100,bHLH
TuG1812S0000604100,RWP-RK
TuG1812S0000626800,bHLH
TuG1812S0000632900,NAC
TuG1812S0000642600,Trihelix
TuG1812S0000737900,FAR1
TuG1812S0000749900,MADS-MIKC
TuG1812S0000761600,DBP
TuG1812S0000800700,bHLH
TuG1812S0000825900,NAC
TuG1812S0000826500,NAC
TuG1812S0000826700,NAC
TuG1812S0000873700,GeBP
TuG1812S0000881700,NAC
TuG1812S0000922500,BES1
TuG1812S0000952100,MYB-related
TuG1812S0000952500,TCP
TuG1812S0000967100,C2C2-GATA
TuG1812S0001096800,HSF
TuG1812S0001141000,bHLH
TuG1812S0001237200,NAC
TuG1812S0001248800,B3
TuG1812S0001249100,GARP-G2-like
TuG1812S0001265400,SBP
TuG1812S0001284600,NAC
TuG1812S0001285000,NAC
TuG1812S0001300400,C3H
TuG1812S0001364900,bHLH
TuG1812S0001389600,B3
TuG1812S0001410900,AP2/ERF-ERF
TuG1812S0001421300,HB-other
TuG1812S0001511200,B3
TuG1812S0001549900,C3H
TuG1812S0001681300,bHLH
TuG1812S0001724800,MADS-MIKC
TuG1812S0001742900,FAR1
TuG1812S0001746300,C2C2-GATA
TuG1812S0001793800,C2H2
TuG1812S0001795600,bZIP
TuG1812S0001831600,C2H2
TuG1812S0001837300,MADS-MIKC
TuG1812S0001864200,WRKY
TuG1812S0001948400,B3
TuG1812S0001981500,TUB
TuG1812S0002044500,B3
TuG1812S0002047700,WRKY
TuG1812S0002083200,C2H2
TuG1812S0002083700,LOB
TuG1812S0002261600,MYB
TuG1812S0002279400,HB-HD-ZIP
TuG1812S0002286700,B3
TuG1812S0002301600,HSF
TuG1812S0002320400,GARP-G2-like
TuG1812S0002358900,NAC
TuG1812S0002363000,MADS-MIKC
TuG1812S0002414400,HB-other
TuG1812S0002418600,bHLH
TuG1812S0002419800,MYB
TuG1812S0002512300,C2H2
TuG1812S0002603000,C2H2
TuG1812S0002606600,FAR1
TuG1812S0002616900,CPP
TuG1812S0002637300,NF-YB
TuG1812S0002660100,HB-HD-ZIP
TuG1812S0002674200,NF-YC
TuG1812S0002691300,B3
TuG1812S0002691700,MYB
TuG1812S0002720900,WRKY
TuG1812S0002760400,NAC
TuG1812S0002799300,B3-ARF
TuG1812S0002838300,AP2/ERF-ERF
TuG1812S0002845100,C2H2
TuG1812S0002845700,NAC
TuG1812S0002870200,bZIP
TuG1812S0002906400,HB-other
TuG1812S0002991600,MYB-related
TuG1812S0003023200,FAR1
TuG1812S0003031800,Tify
TuG1812S0003039200,GARP-G2-like
TuG1812S0003059900,MYB-related
TuG1812S0003067600,C2C2-GATA
TuG1812S0003082000,AP2/ERF-ERF
TuG1812S0003087700,C3H
TuG1812S0003162900,AP2/ERF-AP2
TuG1812S0003165700,WRKY
TuG1812S0003182700,bHLH
TuG1812S0003188900,bHLH
TuG1812S0003220300,FAR1
TuG1812S0003288800,NF-YB
TuG1812S0003292400,bZIP
TuG1812S0003295300,WRKY
TuG1812S0003312300,NAC
TuG1812S0003428400,WRKY
TuG1812S0003454200,HB-KNOX
TuG1812S0003486500,FAR1
TuG1812U0000011300,C2H2
TuG1812U0000028300,RWP-RK
TuG1812U0000028800,bZIP
TuG1812U0000032600,B3
TuG1812U0000032800,B3
TuG1812U0000042400,HSF
TuG1812U0000086100,MYB
TuG1812U0000126800,bZIP
TuG1812U0000139800,C2H2
TuG1812U0000144700,BES1
TuG1812U0000170400,C2C2-GATA
TuG1812U0000183900,C2H2
TuG1812U0000188000,NF-YB
TuG1812U0000209100,C2H2
TuG1812U0000213400,B3
TuG1812U0000229500,C3H
TuG1812U0000230900,MADS-MIKC
TuG1812U0000256400,C2H2
TuG1812U0000256500,B3
TuG1812U0000279300,bHLH
TuG1812U0000290200,Tify
TuG1812U0000310300,CPP
TuG1812U0000322900,B3-ARF
TuG1812U0000324600,C3H
TuG1812U0000336000,bHLH
TuG1812U0000336200,bHLH
TuG1812U0000345500,PLATZ
